State,Year,Nitrogen (%),Nitrogen (Pounds/Acre),Phosphorous (%),Phosphorous (Pounds/Acre),Potash (%),Potash (Pounds/Acre),Area Planted (hectares),Harvested Area (hectares),Lint Yield (Kg/Harvested Hectare)
Andhra Pradesh,1964,99.0,72.0,100.0,62.0,99.0,63.0,,,
Andhra Pradesh,1965,100.0,81.0,100.0,63.0,100.0,66.0,,,
Andhra Pradesh,1966,100.0,83.0,100.0,69.0,100.0,70.0,,,
Andhra Pradesh,1967,100.0,78.0,100.0,71.0,100.0,73.0,,,
Andhra Pradesh,1968,100.0,71.0,99.0,71.0,99.0,73.0,,,
Andhra Pradesh,1969,100.0,80.0,98.0,70.0,98.0,71.0,,,
Andhra Pradesh,1970,100.0,78.0,100.0,74.0,100.0,77.0,,,
Andhra Pradesh,1971,99.0,84.0,100.0,71.0,99.0,73.0,,,
Andhra Pradesh,1972,100.0,89.0,98.0,73.0,98.0,77.0,,,
Andhra Pradesh,1973,99.0,82.0,95.0,77.0,97.0,83.0,155.80411,149.73382,453.94424999999995
Andhra Pradesh,1974,100.0,100.0,99.0,76.0,99.0,75.0,178.06184,169.96812,447.21914999999996
Andhra Pradesh,1975,100.0,74.0,92.0,57.0,98.0,66.0,163.89783,159.85097,377.72644999999994
Andhra Pradesh,1976,98.0,72.0,93.0,71.0,98.0,80.0,131.52295,127.47609,496.53655
Andhra Pradesh,1977,99.0,74.0,91.0,72.0,97.0,85.0,125.45266,123.42923,571.6334999999999
Andhra Pradesh,1978,100.0,66.0,95.0,64.0,95.0,69.0,131.52295,129.904206,460.66934999999995
Andhra Pradesh,1979,100.0,70.0,84.0,63.0,84.0,68.0,152.566622,150.543192,610.86325
Andhra Pradesh,1980,100.0,73.0,93.0,63.0,93.0,70.0,116.144882,115.33551,868.6587499999999
Andhra Pradesh,1981,99.0,73.0,97.0,57.0,91.0,68.0,88.626234,87.00749,458.42764999999997
Andhra Pradesh,1982,100.0,101.0,93.0,65.0,93.0,72.0,125.047974,124.238602,783.4741499999999
Andhra Pradesh,1983,100.0,79.0,86.0,62.0,89.0,72.0,133.54638,133.141694,891.07575
Andhra Pradesh,1984,98.0,78.0,91.0,60.0,88.0,70.0,127.47609,126.666718,567.1501
Andhra Pradesh,1985,98.0,88.0,88.0,62.0,80.0,73.0,135.56981,134.760438,641.1261999999999
Andhra Pradesh,1986,99.0,82.0,87.0,57.0,77.0,62.0,157.82754,151.75725,544.7330999999999
Andhra Pradesh,1987,,,,,,,132.737008,130.308892,640.0053499999999
Andhra Pradesh,1988,,,,,,,153.78068,152.971308,533.5246
Andhra Pradesh,1989,,,,,,,165.92126,163.89783,734.15675
Andhra Pradesh,1990,,,,,,,167.94469,165.111888,819.3413499999999
Andhra Pradesh,1991,,,,,,,179.27589799999998,174.01498,587.3254
Andhra Pradesh,1992,,,,,,,187.369618,184.13213,858.5710999999999
Andhra Pradesh,1993,,,,,,,238.76474,233.90850799999998,458.42764999999997
Andhra Pradesh,1994,,,,,,,210.43672,208.817976,822.7039
Andhra Pradesh,1995,,,,,,,216.50701,178.87121199999999,669.1474499999999
Andhra Pradesh,1996,,,,,,,200.31957,192.22585,626.5551499999999
Andhra Pradesh,1997,100.0,89.0,93.0,54.0,95.0,79.0,228.64759,227.028846,599.6547499999999
Andhra Pradesh,1998,99.0,78.0,94.0,59.0,94.0,76.0,238.76474,214.48358,551.4581999999999
Andhra Pradesh,1999,97.0,84.0,94.0,69.0,95.0,84.0,246.85846,244.83503,818.2204999999999
Andhra Pradesh,2000,100.0,103.0,95.0,63.0,91.0,87.0,238.76474,218.53044,568.27095
Andhra Pradesh,2001,,,,,,,212.46015,206.38986,865.2961999999999
Andhra Pradesh,2002,,,,,,,222.5773,218.53044,811.4953999999999
Andhra Pradesh,2003,97.0,102.0,84.0,70.0,83.0,77.0,222.5773,220.55387,837.2749499999999
Andhra Pradesh,2004,,,,,,,232.69445,226.62416,648.9721499999999
Andhra Pradesh,2005,,,,,,,161.8744,155.80411,581.72115
Andhra Pradesh,2006,,,,,,,117.35894,115.740196,882.1089499999999
Andhra Pradesh,2007,97.0,88.0,87.0,49.0,90.0,65.0,103.19493,100.362128,742.0026999999999
Andhra Pradesh,2008,,,,,,,137.59324,136.78386799999998,764.4196999999999
Andhra Pradesh,2009,,,,,,,186.15556,179.27589799999998,831.6706999999999
Andhra Pradesh,2010,,,,,,,153.78068,152.971308,1060.3240999999998
Andhra Pradesh,2011,,,,,,,147.71039,145.282274,884.35065
Andhra Pradesh,2012,,,,,,,141.6401,140.830728,1009.8858499999999
Andhra Pradesh,2013,,,,,,,127.47609,124.238602,970.6560999999999
Andhra Pradesh,2014,,,,,,,139.61667,138.807298,1107.3998
Andhra Pradesh,2015,99.0,91.0,78.0,53.0,79.0,95.0,176.03841,174.01498,1011.0066999999999
Andhra Pradesh,2016,,,,,,,206.38986,201.128942,961.6892999999999
Andhra Pradesh,2017,93.0,104.0,72.0,62.0,81.0,83.0,218.53044,216.50701,1086.10365
Assam,1964,94.0,130.0,50.0,66.0,2.0,,,,
Assam,1965,92.0,131.0,42.0,78.0,2.0,8.0,,,
Assam,1966,96.0,141.0,45.0,69.0,1.0,15.0,,,
Assam,1967,89.0,141.0,47.0,62.0,1.0,40.0,,,
Assam,1968,95.0,142.0,46.0,68.0,1.0,36.0,,,
Assam,1969,97.0,145.0,39.0,70.0,2.0,12.0,,,
Assam,1970,90.0,135.0,36.0,59.0,4.0,16.0,,,
Assam,1971,91.0,123.0,46.0,62.0,3.0,41.0,,,
Assam,1972,82.0,117.0,49.0,57.0,4.0,39.0,,,
Assam,1973,88.0,120.0,53.0,66.0,2.0,34.0,108.860534,108.455848,1151.11295
Assam,1974,97.0,123.0,51.0,58.0,2.0,27.0,137.997926,137.59324,1320.3612999999998
Assam,1975,82.0,117.0,34.0,49.0,2.0,22.0,209.22266199999999,208.41329,1117.4874499999999
Assam,1976,88.0,155.0,47.0,62.0,1.0,16.0,218.53044,217.721068,1068.17005
Assam,1977,92.0,148.0,58.0,59.0,1.0,37.0,234.71788,232.69445,1198.1886499999998
Assam,1978,89.0,135.0,38.0,53.0,1.0,26.0,222.5773,222.17261399999998,1327.0864
Assam,1979,93.0,142.0,46.0,61.0,3.0,55.0,242.8116,242.406914,1397.69995
Assam,1980,90.0,161.0,34.0,72.0,2.0,9.0,190.607106,190.20242,1253.1102999999998
Assam,1981,92.0,159.0,36.0,67.0,2.0,7.0,117.763626,114.930824,1373.04125
Assam,1982,94.0,126.0,35.0,59.0,3.0,34.0,174.01498,173.61029399999998,1375.2829499999998
Assam,1983,90.0,113.0,45.0,43.0,11.0,14.0,145.68696,145.282274,1390.9748499999998
Assam,1984,98.0,150.0,48.0,59.0,4.0,29.0,101.1715,100.766814,1458.2258499999998
Assam,1985,95.0,157.0,51.0,55.0,9.0,6.0,117.35894,116.95425399999999,1580.3984999999998
Assam,1986,93.0,122.0,39.0,47.0,7.0,12.0,141.6401,141.235414,1333.8114999999998
Assam,1987,95.0,159.0,39.0,70.0,,,97.12464,96.719954,1460.4675499999998
Assam,1988,90.0,144.0,58.0,59.0,7.0,14.0,141.6401,140.830728,1254.2311499999998
Assam,1989,95.0,178.0,51.0,64.0,3.0,,145.68696,145.282274,1346.1408499999998
Assam,1990,94.0,155.0,47.0,68.0,8.0,,131.52295,130.71357799999998,1207.15545
Assam,1991,99.0,170.0,62.0,66.0,18.0,10.0,127.880776,127.47609,1349.5033999999998
Assam,1992,94.0,132.0,43.0,45.0,9.0,24.0,126.666718,126.26203199999999,1348.3825499999998
Assam,1993,98.0,149.0,44.0,68.0,10.0,5.0,147.71039,147.305704,1172.4090999999999
Assam,1994,99.0,223.0,45.0,53.0,22.0,10.0,127.47609,127.071404,1332.6906499999998
Assam,1995,95.0,194.0,34.0,65.0,,,131.52295,131.118264,1406.6667499999999
Assam,1996,98.0,148.0,43.0,49.0,11.0,44.0,101.1715,100.362128,1319.2404499999998
Assam,1997,99.0,130.0,29.0,55.0,4.0,46.0,109.26522,108.860534,1432.4462999999998
Assam,1998,98.0,141.0,38.0,63.0,13.0,9.0,113.31208,112.502708,1531.0810999999999
Assam,1999,99.0,149.0,22.0,84.0,15.0,18.0,119.38237,117.35894,1280.0106999999998
Assam,2000,98.0,129.0,30.0,57.0,8.0,39.0,87.00749,86.198118,1547.89385
Assam,2001,,,,,,,87.00749,86.198118,1388.7331499999998
Assam,2002,,,,,,,97.12464,96.315268,1634.1992999999998
Assam,2003,93.0,178.0,35.0,63.0,11.0,33.0,93.07778,92.67309399999999,1444.7756499999998
Assam,2004,,,,,,,76.89034,76.080968,1591.607
Assam,2005,,,,,,,68.79662,67.987248,1646.5286499999997
Assam,2006,,,,,,,54.63261,53.823237999999996,1638.6826999999998
Assam,2007,,,,,,,58.67947,58.274784,1655.49545
Assam,2008,,,,,,,78.91377,78.104398,1700.32945
Assam,2009,,,,,,,101.1715,100.362128,1735.0757999999998
Assam,2010,,,,,,,80.9372,79.723142,1652.1328999999998
Assam,2011,,,,,,,64.74976,64.345074,1624.1116499999998
Assam,2012,,,,,,,60.7029,60.298214,1769.8221499999997
Assam,2013,,,,,,,36.017054,35.612368,1693.6043499999998
Assam,2014,,,,,,,48.56232,47.752947999999996,1709.2962499999999
Assam,2015,98.0,120.0,50.0,43.0,15.0,9.0,64.74976,64.345074,1640.9243999999999
Assam,2016,,,,,,,64.74976,64.345074,1478.40115
Assam,2017,,,,,,,64.74976,64.345074,1742.9217499999997
Bihar,1964,97.0,68.0,59.0,39.0,65.0,48.0,,,
Bihar,1965,99.0,72.0,72.0,46.0,73.0,51.0,,,
Bihar,1966,97.0,70.0,77.0,44.0,76.0,51.0,,,
Bihar,1967,98.0,68.0,79.0,41.0,79.0,47.0,,,
Bihar,1968,99.0,63.0,66.0,45.0,61.0,55.0,,,
Bihar,1969,96.0,65.0,68.0,46.0,68.0,54.0,,,
Bihar,1970,95.0,67.0,60.0,43.0,63.0,53.0,,,
Bihar,1971,98.0,63.0,64.0,40.0,65.0,50.0,,,
Bihar,1972,99.0,62.0,72.0,44.0,70.0,54.0,,,
Bihar,1973,97.0,69.0,70.0,45.0,69.0,50.0,283.2802,275.18648,543.6122499999999
Bihar,1974,98.0,68.0,72.0,40.0,75.0,46.0,455.27175,384.4517,439.37319999999994
Bihar,1975,98.0,57.0,67.0,40.0,72.0,46.0,384.4517,376.35798,598.5338999999999
Bihar,1976,97.0,65.0,74.0,41.0,77.0,55.0,327.79566,307.56136,467.39444999999995
Bihar,1977,95.0,66.0,75.0,48.0,78.0,60.0,246.85846,214.48358,615.34665
Bihar,1978,93.0,64.0,62.0,42.0,74.0,50.0,283.2802,261.02247,369.8805
Bihar,1979,98.0,62.0,78.0,37.0,83.0,51.0,246.85846,226.62416,580.6003
Bihar,1980,98.0,59.0,76.0,39.0,85.0,53.0,165.92126,157.82754,736.3984499999999
Bihar,1981,97.0,64.0,59.0,40.0,62.0,58.0,129.49952,117.35894,599.6547499999999
Bihar,1982,97.0,67.0,68.0,36.0,72.0,48.0,190.20242,188.17899,708.3771999999999
Bihar,1983,97.0,69.0,68.0,34.0,70.0,46.0,188.17899,178.06184,859.6919499999999
Bihar,1984,97.0,75.0,80.0,38.0,82.0,53.0,198.29614,194.24928,674.7516999999999
Bihar,1985,100.0,70.0,76.0,37.0,77.0,51.0,224.60073,222.5773,880.9880999999999
Bihar,1986,99.0,84.0,68.0,39.0,81.0,65.0,281.25677,273.16305,831.6706999999999
Bihar,1987,99.0,81.0,75.0,43.0,79.0,63.0,246.85846,240.78817,770.0239499999999
Bihar,1988,99.0,79.0,71.0,44.0,75.0,58.0,311.60822,303.5145,775.6281999999999
Bihar,1989,94.0,80.0,70.0,35.0,71.0,62.0,404.686,396.59228,865.2961999999999
Bihar,1990,99.0,85.0,83.0,36.0,87.0,57.0,404.686,396.59228,922.4595499999999
Bihar,1991,96.0,86.0,70.0,40.0,73.0,61.0,400.63914,392.54542,606.3798499999999
Bihar,1992,98.0,88.0,64.0,44.0,74.0,66.0,396.59228,392.54542,982.9854499999999
Bihar,1993,96.0,103.0,76.0,48.0,74.0,76.0,473.48262,449.20146,711.73975
Bihar,1994,93.0,110.0,70.0,44.0,81.0,73.0,404.686,400.63914,888.8340499999999
Bihar,1995,97.0,101.0,74.0,45.0,85.0,75.0,396.59228,390.52199,938.15145
Bihar,1996,97.0,97.0,66.0,38.0,71.0,70.0,372.31112,364.2174,722.9482499999999
Bihar,1997,92.0,77.0,83.0,54.0,91.0,67.0,392.54542,388.49856,800.2869
Bihar,1998,98.0,91.0,88.0,42.0,88.0,76.0,388.49856,384.4517,807.012
Bihar,1999,97.0,93.0,82.0,40.0,85.0,77.0,437.06088,430.99059,925.8220999999999
Bihar,2000,100.0,88.0,78.0,41.0,84.0,82.0,388.49856,372.31112,976.2603499999999
Bihar,2001,93.0,80.0,63.0,36.0,68.0,73.0,396.59228,382.42827,1026.6986
Bihar,2002,,,,,,,368.26426,364.2174,1248.6269
Bihar,2003,97.0,94.0,84.0,41.0,90.0,91.0,424.9203,420.87344,1138.7836
Bihar,2004,,,,,,,473.48262,469.43576,1171.2882499999998
Bihar,2005,,,,,,,348.02996,343.9831,1200.4303499999999
Bihar,2006,,,,,,,250.90532,248.88189,1134.3002
Bihar,2007,98.0,111.0,83.0,41.0,85.0,87.0,210.43672,202.343,916.8552999999999
Bihar,2008,,,,,,,220.55387,218.53044,1171.2882499999998
Bihar,2009,,,,,,,275.18648,267.09276,1041.26965
Bihar,2010,98.0,108.0,83.0,42.0,86.0,74.0,240.78817,236.74131,1192.5844
Bihar,2011,,,,,,,125.45266,123.42923,1269.9230499999999
Bihar,2012,,,,,,,135.56981,133.54638,1283.3732499999999
Bihar,2013,,,,,,,84.98406,83.77000199999999,1223.9681999999998
Bihar,2014,,,,,,,153.78068,151.75725,1204.91375
Bihar,2015,100.0,129.0,79.0,47.0,80.0,86.0,180.08527,177.252468,1319.2404499999998
Bihar,2016,,,,,,,196.27271,194.24928,1269.9230499999999
Bihar,2017,97.0,160.0,74.0,53.0,79.0,100.0,250.90532,246.85846,1235.1767
Chhattisgarh,1964,95.0,111.0,48.0,62.0,8.0,26.0,,,
Chhattisgarh,1965,96.0,150.0,37.0,81.0,,,,,
Chhattisgarh,1966,94.0,138.0,26.0,72.0,4.0,16.0,,,
Chhattisgarh,1967,91.0,145.0,42.0,99.0,6.0,74.0,,,
Chhattisgarh,1968,94.0,157.0,47.0,88.0,6.0,46.0,,,
Chhattisgarh,1969,93.0,135.0,42.0,91.0,1.0,31.0,,,
Chhattisgarh,1970,92.0,129.0,41.0,60.0,9.0,24.0,,,
Chhattisgarh,1971,90.0,124.0,41.0,73.0,6.0,37.0,,,
Chhattisgarh,1972,92.0,121.0,43.0,70.0,12.0,49.0,,,
Chhattisgarh,1973,88.0,125.0,45.0,84.0,9.0,50.0,364.2174,354.10025,1201.5511999999999
Chhattisgarh,1974,84.0,104.0,38.0,59.0,10.0,22.0,457.29518,453.24832,1192.5844
Chhattisgarh,1975,86.0,137.0,30.0,74.0,1.0,43.0,566.5604,562.51354,1080.4994
Chhattisgarh,1976,94.0,146.0,47.0,78.0,7.0,70.0,598.93528,588.81813,717.3439999999999
Chhattisgarh,1977,95.0,142.0,47.0,75.0,10.0,50.0,667.7319,661.66161,1120.85
Chhattisgarh,1978,96.0,120.0,39.0,81.0,8.0,67.0,627.2633,623.21644,1086.10365
Chhattisgarh,1979,94.0,106.0,31.0,65.0,5.0,44.0,623.21644,619.16958,1243.0226499999999
Chhattisgarh,1980,95.0,108.0,27.0,61.0,3.0,75.0,558.46668,554.41982,1207.15545
Chhattisgarh,1981,97.0,110.0,36.0,73.0,5.0,84.0,388.49856,384.4517,1116.3665999999998
Chhattisgarh,1982,95.0,117.0,30.0,61.0,4.0,39.0,570.60726,566.5604,1119.72915
Chhattisgarh,1983,95.0,117.0,33.0,52.0,6.0,38.0,538.23238,534.18552,1268.8021999999999
Chhattisgarh,1984,91.0,116.0,27.0,61.0,2.0,87.0,404.686,400.63914,1219.4848
Chhattisgarh,1985,87.0,118.0,23.0,56.0,3.0,112.0,465.3889,461.34204,1411.15015
Chhattisgarh,1986,92.0,104.0,16.0,62.0,2.0,24.0,546.3261,540.25581,1137.66275
Chhattisgarh,1987,93.0,115.0,26.0,60.0,,,424.9203,420.87344,1376.4037999999998
Chhattisgarh,1988,93.0,124.0,36.0,45.0,16.0,39.0,445.1546,441.10774,1349.5033999999998
Chhattisgarh,1989,97.0,123.0,42.0,56.0,13.0,14.0,396.59228,395.378222,1403.3041999999998
Chhattisgarh,1990,94.0,140.0,31.0,68.0,3.0,40.0,404.686,402.66257,1523.23515
Chhattisgarh,1991,95.0,138.0,35.0,87.0,10.0,38.0,424.9203,422.89687,1501.9389999999999
Chhattisgarh,1992,97.0,131.0,32.0,86.0,5.0,42.0,445.1546,443.13117,1334.9323499999998
Chhattisgarh,1993,98.0,139.0,33.0,51.0,6.0,,473.48262,471.45919,1068.17005
Chhattisgarh,1994,96.0,188.0,35.0,60.0,24.0,39.0,404.686,402.66257,1292.3400499999998
Chhattisgarh,1995,99.0,167.0,40.0,63.0,21.0,72.0,356.12368,354.10025,1347.2616999999998
Chhattisgarh,1996,96.0,175.0,37.0,83.0,16.0,58.0,263.0459,250.90532,994.1939499999999
Chhattisgarh,1997,96.0,145.0,25.0,60.0,26.0,72.0,246.85846,244.83503,1405.5458999999998
Chhattisgarh,1998,98.0,128.0,23.0,75.0,13.0,83.0,313.63165,311.60822,1544.5312999999999
Chhattisgarh,1999,99.0,154.0,51.0,61.0,19.0,97.0,254.95218,252.92875,1523.23515
Chhattisgarh,2000,98.0,139.0,29.0,57.0,12.0,58.0,194.24928,193.035222,1646.5286499999997
Chhattisgarh,2001,,,,,,,222.5773,220.55387,1476.1594499999999
Chhattisgarh,2002,,,,,,,226.62416,225.410102,1729.4715499999998
Chhattisgarh,2003,94.0,141.0,47.0,55.0,25.0,84.0,174.01498,173.20560799999998,1338.2948999999999
Chhattisgarh,2004,,,,,,,115.33551,114.526138,1480.64285
Chhattisgarh,2005,,,,,,,78.91377,78.509084,1802.3267999999998
Chhattisgarh,2006,,,,,,,48.56232,47.348262,1688.0000999999997
Chhattisgarh,2007,96.0,123.0,39.0,74.0,20.0,48.0,28.732706,28.32802,1844.9190999999998
Chhattisgarh,2008,,,,,,,50.181064,49.776378,1662.2205499999998
Chhattisgarh,2009,,,,,,,73.652852,73.248166,1652.1328999999998
Chhattisgarh,2010,,,,,,,57.465412,57.060725999999995,1937.9496499999998
Chhattisgarh,2011,,,,,,,37.635798,37.231111999999996,1946.91645
Chhattisgarh,2012,,,,,,,25.495217999999998,24.685845999999998,1887.5113999999999
Chhattisgarh,2013,,,,,,,19.020242,18.615555999999998,1930.1037
Chhattisgarh,2014,,,,,,,25.495217999999998,25.090532,2126.25245
Chhattisgarh,2015,94.0,97.0,28.0,31.0,33.0,48.0,35.612368,35.207682,1453.74245
Chhattisgarh,2016,,,,,,,19.424928,19.020242,2140.8235
Chhattisgarh,2017,,,,,,,22.25773,21.853044,1992.8712999999998
Jharkhand,1964,100.0,80.0,99.0,64.0,100.0,89.0,,,
Jharkhand,1965,99.0,86.0,99.0,65.0,99.0,89.0,,,
Jharkhand,1966,100.0,104.0,100.0,66.0,100.0,104.0,,,
Jharkhand,1967,100.0,102.0,100.0,64.0,100.0,95.0,,,
Jharkhand,1968,100.0,97.0,100.0,62.0,100.0,94.0,,,
Jharkhand,1969,100.0,105.0,100.0,65.0,98.0,92.0,,,
Jharkhand,1970,100.0,92.0,100.0,59.0,100.0,85.0,,,
Jharkhand,1971,100.0,94.0,100.0,61.0,100.0,90.0,,,
Jharkhand,1972,100.0,82.0,100.0,60.0,98.0,91.0,,,
Jharkhand,1973,100.0,95.0,100.0,65.0,100.0,102.0,66.77319,64.74976,496.53655
Jharkhand,1974,100.0,119.0,98.0,65.0,100.0,103.0,103.19493,97.12464,446.09829999999994
Jharkhand,1975,100.0,130.0,100.0,53.0,100.0,84.0,93.07778,68.79662,260.0372
Jharkhand,1976,100.0,92.0,100.0,61.0,98.0,88.0,48.56232,46.53889,518.95355
Jharkhand,1977,100.0,109.0,100.0,67.0,100.0,110.0,62.72633,60.7029,544.7330999999999
Jharkhand,1978,100.0,78.0,100.0,60.0,100.0,93.0,68.79662,64.74976,289.17929999999996
Jharkhand,1979,86.0,69.0,96.0,47.0,99.0,79.0,72.84348,70.82005,488.69059999999996
Jharkhand,1980,93.0,80.0,98.0,50.0,98.0,77.0,65.963818,63.940388,800.2869
Jharkhand,1981,100.0,63.0,93.0,48.0,85.0,83.0,48.56232,46.53889,523.4369499999999
Jharkhand,1982,100.0,79.0,90.0,53.0,100.0,89.0,70.82005,69.605992,878.7463999999999
Jharkhand,1983,100.0,72.0,91.0,53.0,100.0,73.0,103.19493,99.14807,812.6162499999999
Jharkhand,1984,100.0,69.0,93.0,51.0,98.0,88.0,91.05435,78.91377,509.98675
Jharkhand,1985,100.0,78.0,93.0,62.0,100.0,86.0,101.1715,99.14807,742.0026999999999
Jharkhand,1986,92.0,80.0,87.0,55.0,90.0,88.0,141.6401,127.47609,632.1593999999999
Jharkhand,1987,,,,,,,107.24179,105.21836,707.2563499999999
Jharkhand,1988,,,,,,,143.66353,141.6401,622.07175
Jharkhand,1989,,,,,,,174.01498,172.80092199999999,910.1302
Jharkhand,1990,,,,,,,186.15556,184.536816,877.62555
Jharkhand,1991,,,,,,,248.88189,242.8116,656.8181
Jharkhand,1992,,,,,,,358.14711,354.10025,944.87655
Jharkhand,1993,,,,,,,607.029,602.98214,700.5312499999999
Jharkhand,1994,,,,,,,542.27924,540.660496,837.2749499999999
Jharkhand,1995,,,,,,,582.74784,576.67755,724.0690999999999
Jharkhand,1996,99.0,104.0,99.0,57.0,97.0,106.0,554.41982,517.99808,647.8512999999999
Jharkhand,1997,95.0,92.0,94.0,60.0,99.0,93.0,594.88842,526.0918,648.9721499999999
Jharkhand,1998,96.0,91.0,90.0,58.0,92.0,97.0,607.029,546.3261,662.4223499999999
Jharkhand,1999,100.0,87.0,98.0,57.0,100.0,109.0,602.98214,598.93528,807.012
Jharkhand,2000,96.0,87.0,94.0,55.0,93.0,84.0,586.7947,550.37296,624.31345
Jharkhand,2001,99.0,79.0,92.0,52.0,93.0,85.0,526.0918,522.04494,879.8672499999999
Jharkhand,2002,,,,,,,522.04494,517.99808,755.4528999999999
Jharkhand,2003,100.0,96.0,90.0,56.0,91.0,90.0,493.71692,489.67006,951.60165
Jharkhand,2004,,,,,,,566.5604,554.41982,916.8552999999999
Jharkhand,2005,,,,,,,416.82658,402.66257,897.80085
Jharkhand,2006,,,,,,,380.40484,372.31112,935.9097499999999
Jharkhand,2007,98.0,90.0,91.0,60.0,91.0,87.0,404.686,400.63914,1011.0066999999999
Jharkhand,2008,,,,,,,538.23238,532.16209,920.2178499999999
Jharkhand,2009,,,,,,,647.4976,605.00557,886.5923499999999
Jharkhand,2010,95.0,95.0,86.0,59.0,91.0,105.0,522.04494,517.99808,1222.84735
Jharkhand,2011,,,,,,,554.41982,542.27924,931.42635
Jharkhand,2012,,,,,,,558.46668,554.41982,1008.7649999999999
Jharkhand,2013,,,,,,,457.29518,453.24832,1082.7411
Jharkhand,2014,,,,,,,477.52948,471.45919,1006.5233
Jharkhand,2015,99.0,90.0,82.0,51.0,97.0,96.0,517.99808,513.95122,942.6348499999999
Jharkhand,2016,,,,,,,578.70098,528.11523,805.8911499999999
Jharkhand,2017,100.0,112.0,81.0,55.0,91.0,89.0,566.5604,562.51354,1044.6322
Karnataka,1964,97.0,54.0,62.0,34.0,69.0,35.0,,,
Karnataka,1965,93.0,56.0,63.0,40.0,64.0,41.0,,,
Karnataka,1966,90.0,69.0,58.0,48.0,58.0,48.0,,,
Karnataka,1967,91.0,69.0,61.0,49.0,62.0,50.0,,,
Karnataka,1968,92.0,76.0,48.0,43.0,51.0,46.0,,,
Karnataka,1969,97.0,63.0,62.0,46.0,64.0,47.0,,,
Karnataka,1970,95.0,81.0,57.0,50.0,56.0,50.0,,,
Karnataka,1971,98.0,69.0,69.0,50.0,69.0,53.0,,,
Karnataka,1972,98.0,73.0,70.0,54.0,70.0,56.0,,,
Karnataka,1973,91.0,71.0,60.0,59.0,60.0,60.0,129.49952,125.45266,599.6547499999999
Karnataka,1974,98.0,69.0,59.0,54.0,59.0,51.0,230.67102,226.62416,531.2828999999999
Karnataka,1975,98.0,69.0,50.0,45.0,50.0,45.0,220.55387,218.53044,653.4555499999999
Karnataka,1976,98.0,72.0,63.0,52.0,63.0,52.0,208.41329,206.38986,504.38249999999994
Karnataka,1977,98.0,70.0,63.0,51.0,61.0,49.0,190.20242,188.17899,798.0451999999999
Karnataka,1978,99.0,78.0,81.0,48.0,81.0,49.0,230.67102,226.62416,441.6149
Karnataka,1979,100.0,68.0,65.0,49.0,65.0,53.0,283.2802,281.25677,573.8752
Karnataka,1980,96.0,69.0,92.0,48.0,92.0,52.0,244.83503,240.78817,786.8367
Karnataka,1981,98.0,73.0,80.0,46.0,80.0,51.0,169.96812,165.92126,698.28955
Karnataka,1982,98.0,74.0,73.0,47.0,72.0,53.0,263.0459,261.02247,880.9880999999999
Karnataka,1983,100.0,69.0,62.0,42.0,70.0,58.0,258.99904,254.95218,633.2802499999999
Karnataka,1984,99.0,81.0,77.0,52.0,77.0,59.0,234.71788,230.67102,635.52195
Karnataka,1985,100.0,80.0,70.0,48.0,76.0,64.0,244.83503,242.8116,876.5047
Karnataka,1986,100.0,95.0,72.0,43.0,73.0,48.0,297.44421,261.02247,790.1992499999999
Karnataka,1987,100.0,74.0,68.0,47.0,71.0,55.0,261.02247,250.90532,753.2112
Karnataka,1988,94.0,88.0,59.0,51.0,65.0,58.0,327.79566,319.70194,801.40775
Karnataka,1989,100.0,86.0,70.0,45.0,72.0,55.0,354.10025,331.84252,928.0637999999999
Karnataka,1990,99.0,77.0,62.0,48.0,62.0,62.0,360.17054,352.07682,803.6494499999999
Karnataka,1991,90.0,100.0,46.0,55.0,43.0,79.0,360.17054,354.10025,679.2351
Karnataka,1992,98.0,78.0,57.0,44.0,59.0,75.0,364.2174,360.17054,913.4927499999999
Karnataka,1993,86.0,85.0,51.0,45.0,52.0,66.0,439.08431,435.03745,688.2018999999999
Karnataka,1994,92.0,157.0,40.0,45.0,40.0,59.0,360.17054,358.14711,781.23245
Karnataka,1995,88.0,117.0,42.0,47.0,48.0,73.0,265.06933,263.0459,815.9788
Karnataka,1996,91.0,74.0,64.0,45.0,67.0,67.0,216.50701,212.46015,656.8181
Karnataka,1997,98.0,79.0,71.0,51.0,76.0,70.0,248.88189,246.85846,794.68265
Karnataka,1998,99.0,90.0,69.0,42.0,73.0,76.0,287.32706,281.25677,705.01465
Karnataka,1999,100.0,85.0,43.0,55.0,45.0,68.0,352.07682,346.00653,650.093
Karnataka,2000,100.0,86.0,64.0,44.0,66.0,70.0,210.43672,200.31957,803.6494499999999
Karnataka,2001,95.0,86.0,50.0,42.0,52.0,77.0,212.46015,206.38986,1083.86195
Karnataka,2002,,,,,,,202.343,198.29614,971.7769499999999
Karnataka,2003,99.0,87.0,45.0,37.0,59.0,52.0,246.85846,242.8116,984.1062999999999
Karnataka,2004,,,,,,,256.97561,254.95218,1060.3240999999998
Karnataka,2005,,,,,,,135.56981,133.54638,1139.90445
Karnataka,2006,,,,,,,121.4058,94.696524,645.6096
Karnataka,2007,100.0,87.0,70.0,35.0,63.0,76.0,93.07778,91.05435,835.03325
Karnataka,2008,,,,,,,103.19493,100.766814,943.7556999999999
Karnataka,2009,,,,,,,119.38237,117.35894,948.2390999999999
Karnataka,2010,,,,,,,93.07778,91.05435,1143.2669999999998
Karnataka,2011,,,,,,,52.60918,51.799808,1370.79955
Karnataka,2012,,,,,,,68.79662,67.987248,1293.4608999999998
Karnataka,2013,,,,,,,46.53889,45.324832,907.8884999999999
Karnataka,2014,,,,,,,56.65604,55.441981999999996,1052.47815
Karnataka,2015,,,,,,,89.03092,87.816862,1002.0398999999999
Karnataka,2016,,,,,,,78.91377,76.485654,1195.9469499999998
Karnataka,2017,,,,,,,113.31208,109.26522,1155.5963499999998
Kerala,1964,99.0,77.0,59.0,50.0,59.0,50.0,,,
Kerala,1965,100.0,104.0,56.0,58.0,54.0,55.0,,,
Kerala,1966,98.0,98.0,71.0,54.0,72.0,55.0,,,
Kerala,1967,97.0,98.0,58.0,56.0,58.0,57.0,,,
Kerala,1968,100.0,91.0,63.0,52.0,62.0,53.0,,,
Kerala,1969,100.0,93.0,59.0,56.0,59.0,57.0,,,
Kerala,1970,99.0,96.0,42.0,60.0,42.0,61.0,,,
Kerala,1971,100.0,93.0,41.0,55.0,43.0,63.0,,,
Kerala,1972,100.0,92.0,48.0,64.0,47.0,65.0,,,
Kerala,1973,100.0,90.0,49.0,64.0,50.0,65.0,461.34204,445.1546,508.86589999999995
Kerala,1974,100.0,103.0,45.0,64.0,46.0,64.0,619.16958,594.88842,421.4396
Kerala,1975,100.0,92.0,47.0,59.0,48.0,66.0,558.46668,550.37296,651.21385
Kerala,1976,100.0,90.0,40.0,53.0,40.0,54.0,485.6232,477.52948,628.79685
Kerala,1977,99.0,98.0,43.0,57.0,44.0,57.0,441.10774,424.9203,736.3984499999999
Kerala,1978,99.0,92.0,36.0,54.0,38.0,59.0,465.3889,455.27175,546.9748
Kerala,1979,100.0,87.0,32.0,61.0,33.0,63.0,497.76378,485.6232,701.6520999999999
Kerala,1980,99.0,92.0,33.0,50.0,34.0,55.0,404.686,400.63914,956.0850499999999
Kerala,1981,99.0,91.0,41.0,45.0,48.0,59.0,278.019282,273.16305,717.3439999999999
Kerala,1982,100.0,94.0,41.0,54.0,41.0,65.0,422.89687,417.635952,859.6919499999999
Kerala,1983,99.0,98.0,45.0,50.0,50.0,63.0,424.9203,420.87344,856.3294
Kerala,1984,98.0,103.0,44.0,57.0,46.0,68.0,412.77972,404.686,640.0053499999999
Kerala,1985,98.0,104.0,42.0,56.0,44.0,59.0,412.77972,408.73286,929.1846499999999
Kerala,1986,96.0,102.0,39.0,54.0,49.0,63.0,497.76378,481.57634,824.9455999999999
Kerala,1987,100.0,106.0,48.0,52.0,60.0,71.0,424.9203,412.77972,820.4621999999999
Kerala,1988,98.0,110.0,50.0,49.0,56.0,59.0,497.76378,493.71692,815.9788
Kerala,1989,100.0,103.0,54.0,49.0,61.0,65.0,503.83407,497.76378,995.3147999999999
Kerala,1990,99.0,109.0,42.0,50.0,56.0,78.0,546.3261,544.30267,852.9668499999999
Kerala,1991,100.0,109.0,52.0,50.0,68.0,76.0,538.23238,526.0918,641.1261999999999
Kerala,1992,100.0,112.0,41.0,57.0,73.0,98.0,517.99808,513.95122,903.4051
Kerala,1993,95.0,111.0,43.0,57.0,68.0,94.0,590.84156,574.65412,697.1687
Kerala,1994,100.0,122.0,45.0,54.0,66.0,101.0,453.24832,445.1546,917.97615
Kerala,1995,100.0,112.0,40.0,54.0,60.0,86.0,398.61571,392.54542,1009.8858499999999
Kerala,1996,98.0,100.0,27.0,47.0,56.0,100.0,384.4517,380.40484,826.0664499999999
Kerala,1997,100.0,109.0,46.0,50.0,77.0,95.0,485.6232,477.52948,789.0783999999999
Kerala,1998,97.0,107.0,51.0,57.0,67.0,99.0,526.0918,517.99808,719.5857
Kerala,1999,100.0,111.0,36.0,50.0,65.0,109.0,655.59132,647.4976,805.8911499999999
Kerala,2000,100.0,114.0,44.0,52.0,68.0,97.0,473.48262,465.3889,905.6467999999999
Kerala,2001,99.0,112.0,31.0,51.0,46.0,98.0,449.20146,441.10774,1046.8738999999998
Kerala,2002,,,,,,,449.20146,445.1546,1147.7504
Kerala,2003,99.0,109.0,45.0,46.0,70.0,106.0,489.67006,485.6232,962.8101499999999
Kerala,2004,,,,,,,497.76378,493.71692,929.1846499999999
Kerala,2005,,,,,,,267.09276,265.06933,1082.7411
Kerala,2006,,,,,,,147.71039,145.68696,1021.09435
Kerala,2007,100.0,117.0,33.0,58.0,54.0,106.0,123.42923,119.38237,753.2112
Kerala,2008,,,,,,,169.96812,165.92126,1113.00405
Kerala,2009,,,,,,,254.95218,244.83503,1067.0492
Kerala,2010,95.0,100.0,32.0,47.0,53.0,91.0,192.22585,190.20242,1136.5419
Kerala,2011,,,,,,,117.35894,116.144882,1348.3825499999998
Kerala,2012,,,,,,,171.99155,169.96812,1380.8872
Kerala,2013,,,,,,,129.49952,127.47609,1147.7504
Kerala,2014,,,,,,,176.03841,174.01498,1352.8659499999999
Kerala,2015,96.0,107.0,44.0,116.0,65.0,116.0,254.95218,252.92875,1163.4423
Kerala,2016,,,,,,,250.90532,248.88189,1278.8898499999998
Kerala,2017,99.0,116.0,47.0,52.0,60.0,91.0,291.37392,287.32706,1212.7596999999998
Madhya Pradesh,1964,100.0,85.0,95.0,58.0,95.0,59.0,,,
Madhya Pradesh,1965,99.0,64.0,96.0,46.0,96.0,49.0,,,
Madhya Pradesh,1966,94.0,71.0,96.0,57.0,96.0,61.0,,,
Madhya Pradesh,1967,99.0,50.0,94.0,53.0,94.0,56.0,,,
Madhya Pradesh,1968,93.0,54.0,92.0,48.0,92.0,52.0,,,
Madhya Pradesh,1969,94.0,56.0,91.0,49.0,91.0,57.0,,,
Madhya Pradesh,1970,90.0,57.0,84.0,42.0,84.0,44.0,,,
Madhya Pradesh,1971,99.0,55.0,84.0,45.0,87.0,50.0,,,
Madhya Pradesh,1972,100.0,63.0,91.0,51.0,91.0,56.0,,,
Madhya Pradesh,1973,88.0,47.0,94.0,54.0,97.0,77.0,89.03092,84.98406,503.26165
Madhya Pradesh,1974,97.0,60.0,85.0,51.0,89.0,73.0,123.42923,105.21836,341.85925
Madhya Pradesh,1975,96.0,56.0,84.0,43.0,87.0,56.0,109.26522,104.408988,489.81145
Madhya Pradesh,1976,90.0,36.0,91.0,47.0,91.0,57.0,84.98406,73.652852,555.9416
Madhya Pradesh,1977,96.0,49.0,83.0,39.0,88.0,62.0,63.535702,55.441981999999996,616.4675
Madhya Pradesh,1978,91.0,44.0,88.0,48.0,94.0,51.0,99.14807,97.529326,395.66004999999996
Madhya Pradesh,1979,96.0,52.0,96.0,50.0,100.0,52.0,97.934012,74.057538,494.29484999999994
Madhya Pradesh,1980,100.0,55.0,78.0,45.0,100.0,75.0,62.321644,61.107586,726.3108
Madhya Pradesh,1981,92.0,47.0,75.0,37.0,85.0,67.0,43.706088,37.635798,422.56044999999995
Madhya Pradesh,1982,100.0,54.0,83.0,31.0,83.0,80.0,66.368504,65.559132,620.9508999999999
Madhya Pradesh,1983,100.0,44.0,100.0,39.0,100.0,68.0,61.512271999999996,60.7029,731.91505
Madhya Pradesh,1984,100.0,70.0,100.0,31.0,100.0,66.0,72.034108,64.74976,659.0598
Madhya Pradesh,1985,98.0,56.0,68.0,35.0,98.0,62.0,80.9372,80.53251399999999,892.1965999999999
Madhya Pradesh,1986,100.0,57.0,82.0,48.0,88.0,63.0,99.14807,97.934012,680.3559499999999
Madhya Pradesh,1987,,,,,,,86.60280399999999,84.579374,692.6853
Madhya Pradesh,1988,,,,,,,100.362128,95.10121,718.46485
Madhya Pradesh,1989,,,,,,,134.355752,132.332322,706.1355
Madhya Pradesh,1990,,,,,,,135.56981,132.737008,887.7131999999999
Madhya Pradesh,1991,,,,,,,139.61667,135.56981,604.13815
Madhya Pradesh,1992,,,,,,,142.449472,139.61667,959.4476
Madhya Pradesh,1993,,,,,,,186.964932,183.322758,609.7424
Madhya Pradesh,1994,,,,,,,157.82754,155.80411,826.0664499999999
Madhya Pradesh,1995,,,,,,,159.85097,157.82754,778.9907499999999
Madhya Pradesh,1996,,,,,,,149.73382,144.472902,527.92035
Madhya Pradesh,1997,100.0,112.0,72.0,37.0,95.0,78.0,153.78068,152.566622,673.6308499999999
Madhya Pradesh,1998,,,,,,,161.8744,157.018168,748.7277999999999
Madhya Pradesh,1999,,,,,,,163.89783,161.8744,934.7888999999999
Madhya Pradesh,2000,100.0,101.0,86.0,34.0,95.0,88.0,153.78068,148.92444799999998,892.1965999999999
Madhya Pradesh,2001,,,,,,,161.8744,157.82754,966.1727
Madhya Pradesh,2002,,,,,,,153.78068,152.971308,1181.3759
Madhya Pradesh,2003,100.0,89.0,73.0,40.0,81.0,80.0,178.06184,177.252468,1061.4449499999998
Madhya Pradesh,2004,,,,,,,202.343,200.724256,1068.17005
Madhya Pradesh,2005,,,,,,,153.78068,153.375994,1084.9828
Madhya Pradesh,2006,,,,,,,123.833916,122.619858,1239.6600999999998
Madhya Pradesh,2007,98.0,97.0,88.0,31.0,95.0,68.0,110.074592,105.21836,1039.02795
Madhya Pradesh,2008,,,,,,,125.45266,124.643288,1197.0677999999998
Madhya Pradesh,2009,,,,,,,151.75725,148.519762,1086.10365
Madhya Pradesh,2010,100.0,130.0,81.0,48.0,93.0,87.0,141.6401,133.54638,1191.46355
Madhya Pradesh,2011,,,,,,,103.19493,99.552756,1084.9828
Madhya Pradesh,2012,,,,,,,101.1715,99.14807,1251.9894499999998
Madhya Pradesh,2013,,,,,,,74.86691,70.82005,1229.57245
Madhya Pradesh,2014,,,,,,,113.31208,107.64647599999999,1144.3878499999998
Madhya Pradesh,2015,100.0,96.0,74.0,35.0,92.0,62.0,123.42923,120.19174199999999,1358.4702
Madhya Pradesh,2016,,,,,,,131.52295,130.308892,1538.9270499999998
Madhya Pradesh,2017,98.0,112.0,87.0,46.0,96.0,70.0,153.78068,148.92444799999998,1417.8752499999998
Maharashtra,1964,63.0,85.0,58.0,60.0,,,,,
Maharashtra,1965,71.0,81.0,45.0,79.0,5.0,28.0,,,
Maharashtra,1966,52.0,73.0,44.0,64.0,9.0,23.0,,,
Maharashtra,1967,67.0,67.0,57.0,70.0,9.0,40.0,,,
Maharashtra,1968,67.0,83.0,62.0,74.0,13.0,41.0,,,
Maharashtra,1969,57.0,92.0,48.0,77.0,,,,,
Maharashtra,1970,61.0,72.0,50.0,85.0,6.0,17.0,,,
Maharashtra,1971,56.0,70.0,42.0,50.0,11.0,12.0,,,
Maharashtra,1972,61.0,69.0,63.0,69.0,9.0,31.0,,,
Maharashtra,1973,64.0,60.0,38.0,64.0,5.0,18.0,38.44517,34.39831,428.1647
Maharashtra,1974,52.0,49.0,48.0,57.0,16.0,26.0,27.518648,25.899904,586.2045499999999
Maharashtra,1975,45.0,54.0,32.0,58.0,13.0,18.0,53.013866,51.799808,675.8725499999999
Maharashtra,1976,56.0,59.0,38.0,59.0,8.0,22.0,55.441981999999996,44.110774,496.53655
Maharashtra,1977,,,,,,,62.321644,50.990435999999995,443.85659999999996
Maharashtra,1978,,,,,,,61.107586,48.56232,479.7238
Maharashtra,1979,70.0,61.0,51.0,54.0,14.0,15.0,55.037296,42.896716,674.7516999999999
Maharashtra,1980,40.0,64.0,28.0,51.0,2.0,10.0,31.970194,27.518648,617.58835
Maharashtra,1981,65.0,58.0,42.0,50.0,12.0,19.0,22.662416,19.020242,801.40775
Maharashtra,1982,47.0,64.0,30.0,57.0,8.0,37.0,31.160822,27.923334,678.11425
Maharashtra,1983,54.0,88.0,30.0,49.0,9.0,1.0,28.32802,21.853044,707.2563499999999
Maharashtra,1984,66.0,71.0,34.0,64.0,14.0,6.0,25.495217999999998,20.2343,666.9057499999999
Maharashtra,1985,59.0,58.0,47.0,48.0,2.0,14.0,26.709276,25.090532,772.2656499999999
Maharashtra,1986,49.0,54.0,28.0,60.0,3.0,6.0,31.160822,27.923334,795.8035
Maharashtra,1987,,,,,,,24.685845999999998,22.25773,782.3532999999999
Maharashtra,1988,,,,,,,27.923334,25.090532,823.8247499999999
Maharashtra,1989,,,,,,,27.923334,26.30459,521.19525
Maharashtra,1990,,,,,,,22.25773,14.973381999999999,690.4436
Maharashtra,1991,,,,,,,21.853044,19.829614,861.93365
Maharashtra,1992,,,,,,,22.25773,20.2343,807.012
Maharashtra,1993,,,,,,,24.685845999999998,22.662416,682.5976499999999
Maharashtra,1994,,,,,,,23.876473999999998,22.25773,821.58305
Maharashtra,1995,,,,,,,28.32802,26.709276,757.6945999999999
Maharashtra,1996,,,,,,,26.709276,24.28116,717.3439999999999
Maharashtra,1997,,,,,,,33.993624,31.970194,742.0026999999999
Maharashtra,1998,,,,,,,29.137392,27.113962,811.4953999999999
Maharashtra,1999,,,,,,,27.518648,26.30459,1026.6986
Maharashtra,2000,,,,,,,21.853044,20.2343,914.6135999999999
Maharashtra,2001,,,,,,,21.448358,15.378067999999999,990.8313999999999
Maharashtra,2002,,,,,,,27.518648,25.899904,950.4807999999999
Maharashtra,2003,,,,,,,22.662416,20.638986,1138.7836
Maharashtra,2004,,,,,,,20.2343,19.424928,1042.3905
Maharashtra,2005,,,,,,,17.401498,15.782753999999999,1227.3307499999999
Maharashtra,2006,,,,,,,15.378067999999999,14.16401,1091.7078999999999
Maharashtra,2007,,,,,,,12.545266,12.14058,1313.6362
Maharashtra,2008,,,,,,,19.424928,19.020242,1315.8779
Maharashtra,2009,,,,,,,28.32802,23.471788,1186.9801499999999
Maharashtra,2010,,,,,,,18.21087,15.378067999999999,1174.6508
Maharashtra,2011,,,,,,,15.782753999999999,12.545266,1041.26965
Maharashtra,2012,,,,,,,17.401498,13.354638,1043.51135
Maharashtra,2013,,,,,,,14.16401,12.545266,1041.26965
Maharashtra,2014,,,,,,,19.020242,16.592126,1154.4755
Maharashtra,2015,,,,,,,26.709276,18.615555999999998,1321.4821499999998
Maharashtra,2016,,,,,,,31.160822,22.662416,1095.07045
Maharashtra,2017,,,,,,,25.495217999999998,18.21087,1314.75705
Manipur,1964,100.0,65.0,100.0,54.0,100.0,69.0,,,
Manipur,1965,100.0,90.0,100.0,54.0,100.0,69.0,,,
Manipur,1966,98.0,63.0,95.0,53.0,98.0,68.0,,,
Manipur,1967,100.0,69.0,100.0,65.0,100.0,80.0,,,
Manipur,1968,100.0,74.0,100.0,54.0,100.0,75.0,,,
Manipur,1969,99.0,62.0,90.0,54.0,90.0,70.0,,,
Manipur,1970,100.0,67.0,100.0,55.0,100.0,75.0,,,
Manipur,1971,100.0,53.0,98.0,53.0,100.0,70.0,,,
Manipur,1972,100.0,66.0,100.0,57.0,100.0,84.0,,,
Manipur,1973,98.0,86.0,95.0,68.0,98.0,92.0,22.662416,21.448358,461.79019999999997
Manipur,1974,100.0,70.0,100.0,56.0,100.0,90.0,30.35145,28.732706,548.09565
Manipur,1975,100.0,84.0,91.0,52.0,98.0,82.0,35.207682,33.588938,341.85925
Manipur,1976,100.0,102.0,91.0,44.0,100.0,81.0,18.21087,16.996812,577.23775
Manipur,1977,,,,,,,18.615555999999998,18.21087,509.98675
Manipur,1978,,,,,,,26.709276,26.30459,427.04384999999996
Manipur,1979,,,,,,,33.588938,33.184252,625.4342999999999
Manipur,1980,,,,,,,28.732706,28.32802,783.4741499999999
Manipur,1981,,,,,,,24.28116,23.876473999999998,392.29749999999996
Manipur,1982,,,,,,,39.254542,38.849856,672.51
Manipur,1983,,,,,,,35.612368,35.207682,724.0690999999999
Manipur,1984,,,,,,,33.184252,32.779566,724.0690999999999
Manipur,1985,,,,,,,38.849856,38.44517,554.82075
Manipur,1986,,,,,,,50.990435999999995,50.181064,577.23775
Manipur,1987,,,,,,,45.324832,44.51546,689.3227499999999
Manipur,1988,,,,,,,81.341886,80.9372,707.2563499999999
Manipur,1989,,,,,,,186.15556,184.94150199999999,753.2112
Manipur,1990,,,,,,,153.78068,152.566622,668.0265999999999
Manipur,1991,,,,,,,157.82754,155.80411,599.6547499999999
Manipur,1992,,,,,,,196.677396,196.27271,919.0969999999999
Manipur,1993,,,,,,,325.77223,323.7488,536.8871499999999
Manipur,1994,,,,,,,299.46764,295.42078,738.64015
Manipur,1995,,,,,,,279.23334,277.20991,730.7941999999999
Manipur,1996,,,,,,,287.32706,285.30363,783.4741499999999
Manipur,1997,92.0,62.0,64.0,38.0,85.0,99.0,356.12368,333.86595,532.40375
Manipur,1998,98.0,87.0,90.0,55.0,93.0,108.0,376.35798,374.33455,831.6706999999999
Manipur,1999,96.0,78.0,89.0,47.0,96.0,107.0,392.54542,390.52199,932.5472
Manipur,2000,96.0,85.0,80.0,47.0,91.0,116.0,380.40484,372.31112,471.87784999999997
Manipur,2001,,,,,,,327.79566,311.60822,724.0690999999999
Manipur,2002,,,,,,,295.42078,293.39735,1008.7649999999999
Manipur,2003,97.0,76.0,74.0,41.0,93.0,106.0,329.81909,327.79566,954.9641999999999
Manipur,2004,,,,,,,352.07682,350.05339,799.1660499999999
Manipur,2005,,,,,,,202.343,198.29614,859.6919499999999
Manipur,2006,,,,,,,174.01498,173.20560799999998,949.3599499999999
Manipur,2007,92.0,68.0,71.0,31.0,89.0,99.0,151.75725,149.73382,1109.6415
Manipur,2008,,,,,,,222.5773,220.55387,939.2723
Manipur,2009,,,,,,,325.77223,323.7488,690.4436
Manipur,2010,98.0,66.0,68.0,46.0,87.0,96.0,236.74131,234.71788,1136.5419
Manipur,2011,,,,,,,188.17899,186.15556,895.5591499999999
Manipur,2012,,,,,,,188.17899,186.15556,1163.4423
Manipur,2013,,,,,,,155.80411,143.66353,799.1660499999999
Manipur,2014,,,,,,,113.31208,103.19493,724.0690999999999
Manipur,2015,99.0,66.0,75.0,37.0,89.0,80.0,151.75725,148.519762,1086.10365
Manipur,2016,,,,,,,174.01498,167.94469,910.1302
Manipur,2017,96.0,85.0,67.0,49.0,87.0,98.0,206.38986,200.31957,1043.51135
Meghalaya,1964,51.0,28.0,49.0,28.0,33.0,14.0,,,
Meghalaya,1965,55.0,30.0,48.0,27.0,40.0,14.0,,,
Meghalaya,1966,50.0,28.0,45.0,33.0,40.0,19.0,,,
Meghalaya,1967,51.0,19.0,45.0,23.0,41.0,13.0,,,
Meghalaya,1968,41.0,28.0,38.0,28.0,35.0,14.0,,,
Meghalaya,1969,53.0,27.0,50.0,37.0,42.0,17.0,,,
Meghalaya,1970,50.0,25.0,43.0,27.0,33.0,13.0,,,
Meghalaya,1971,44.0,31.0,38.0,36.0,37.0,15.0,,,
Meghalaya,1972,46.0,32.0,42.0,38.0,35.0,26.0,,,
Meghalaya,1973,50.0,34.0,45.0,33.0,35.0,17.0,145.68696,119.38237,310.47544999999997
Meghalaya,1974,47.0,21.0,43.0,30.0,41.0,15.0,141.6401,135.56981,281.33335
Meghalaya,1975,29.0,28.0,29.0,29.0,16.0,16.0,216.50701,210.43672,450.58169999999996
Meghalaya,1976,61.0,34.0,55.0,31.0,40.0,14.0,244.83503,236.74131,327.28819999999996
Meghalaya,1977,60.0,27.0,58.0,38.0,26.0,15.0,242.8116,234.71788,484.20719999999994
Meghalaya,1978,61.0,34.0,61.0,39.0,35.0,15.0,289.35049,228.64759,195.0279
Meghalaya,1979,55.0,32.0,51.0,43.0,34.0,23.0,263.0459,258.99904,369.8805
Meghalaya,1980,67.0,32.0,58.0,30.0,28.0,15.0,194.24928,182.1087,284.6959
Meghalaya,1981,43.0,50.0,34.0,46.0,15.0,24.0,129.49952,121.4058,260.0372
Meghalaya,1982,43.0,34.0,19.0,29.0,15.0,23.0,171.99155,151.75725,262.27889999999996
Meghalaya,1983,57.0,45.0,52.0,36.0,26.0,18.0,149.73382,145.68696,425.92299999999994
Meghalaya,1984,66.0,53.0,42.0,42.0,4.0,12.0,161.8744,141.6401,322.8048
Meghalaya,1985,59.0,34.0,32.0,34.0,3.0,10.0,161.8744,155.80411,483.08635
Meghalaya,1986,46.0,29.0,39.0,29.0,25.0,15.0,186.15556,176.03841,374.36389999999994
Meghalaya,1987,,,,,,,149.73382,137.59324,273.4874
Meghalaya,1988,,,,,,,153.78068,149.73382,555.9416
Meghalaya,1989,,,,,,,178.06184,153.78068,339.61755
Meghalaya,1990,,,,,,,149.73382,127.47609,358.67199999999997
Meghalaya,1991,,,,,,,149.73382,141.6401,414.7145
Meghalaya,1992,,,,,,,145.68696,137.59324,391.17664999999994
Meghalaya,1993,,,,,,,153.78068,127.47609,209.59894999999997
Meghalaya,1994,,,,,,,117.35894,84.98406,342.9801
Meghalaya,1995,,,,,,,80.9372,76.89034,517.8326999999999
Meghalaya,1996,,,,,,,64.74976,48.56232,627.6759999999999
Meghalaya,1997,,,,,,,97.12464,60.7029,516.7118499999999
Meghalaya,1998,,,,,,,113.31208,58.67947,563.7875499999999
Meghalaya,1999,,,,,,,109.26522,74.86691,572.7543499999999
Meghalaya,2000,,,,,,,80.9372,72.84348,624.31345
Meghalaya,2001,,,,,,,72.84348,68.79662,690.4436
Meghalaya,2002,,,,,,,89.03092,80.9372,814.85795
Meghalaya,2003,,,,,,,103.19493,97.12464,802.5286
Meghalaya,2004,,,,,,,129.49952,72.84348,606.3798499999999
Meghalaya,2005,,,,,,,70.82005,66.77319,915.7344499999999
Meghalaya,2006,,,,,,,68.79662,62.72633,909.0093499999999
Meghalaya,2007,,,,,,,82.96063,78.91377,879.8672499999999
Meghalaya,2008,,,,,,,115.33551,109.26522,840.6374999999999
Meghalaya,2009,,,,,,,167.94469,28.32802,669.1474499999999
Meghalaya,2010,,,,,,,123.42923,56.65604,595.17135
Meghalaya,2011,,,,,,,74.86691,48.56232,690.4436
Meghalaya,2012,,,,,,,99.14807,84.98406,689.3227499999999
Meghalaya,2013,,,,,,,87.00749,82.96063,981.8645999999999
Meghalaya,2014,,,,,,,123.42923,117.35894,1144.3878499999998
Meghalaya,2015,,,,,,,238.76474,224.60073,988.5896999999999
Meghalaya,2016,,,,,,,315.65508,222.5773,666.9057499999999
Meghalaya,2017,54.0,102.0,44.0,45.0,19.0,44.0,263.0459,232.69445,682.5976499999999
Mizoram,1964,100.0,68.0,100.0,76.0,100.0,88.0,,,
Mizoram,1965,100.0,78.0,100.0,81.0,100.0,89.0,,,
Mizoram,1966,100.0,101.0,100.0,85.0,100.0,90.0,,,
Mizoram,1967,100.0,91.0,100.0,85.0,100.0,89.0,,,
Mizoram,1968,100.0,101.0,100.0,89.0,100.0,101.0,,,
Mizoram,1969,99.0,88.0,97.0,84.0,97.0,98.0,,,
Mizoram,1970,100.0,80.0,100.0,71.0,100.0,90.0,,,
Mizoram,1971,99.0,88.0,97.0,78.0,99.0,96.0,,,
Mizoram,1972,99.0,95.0,97.0,77.0,99.0,102.0,,,
Mizoram,1973,100.0,99.0,99.0,72.0,99.0,102.0,43.301401999999996,41.682657999999996,508.86589999999995
Mizoram,1974,100.0,101.0,94.0,69.0,99.0,108.0,68.79662,64.345074,490.93229999999994
Mizoram,1975,99.0,109.0,91.0,66.0,100.0,99.0,68.79662,61.916958,383.3307
Mizoram,1976,100.0,92.0,100.0,63.0,100.0,113.0,42.49203,39.659228,629.9177
Mizoram,1977,100.0,125.0,94.0,65.0,99.0,110.0,44.51546,44.110774,571.6334999999999
Mizoram,1978,,,,,,,49.371691999999996,48.56232,346.34265
Mizoram,1979,100.0,84.0,87.0,51.0,100.0,102.0,48.157634,47.752947999999996,747.60695
Mizoram,1980,100.0,78.0,97.0,60.0,92.0,97.0,39.254542,38.44517,877.62555
Mizoram,1981,100.0,81.0,83.0,42.0,97.0,97.0,27.923334,27.923334,413.59364999999997
Mizoram,1982,100.0,84.0,83.0,44.0,86.0,84.0,42.087344,42.087344,879.8672499999999
Mizoram,1983,100.0,107.0,83.0,42.0,100.0,102.0,50.181064,49.371691999999996,793.5618
Mizoram,1984,98.0,95.0,87.0,47.0,98.0,103.0,47.752947999999996,45.729518,414.7145
Mizoram,1985,100.0,92.0,83.0,51.0,98.0,90.0,48.56232,48.157634,479.7238
Mizoram,1986,96.0,84.0,77.0,58.0,85.0,96.0,58.67947,57.465412,530.1620499999999
Mizoram,1987,,,,,,,48.56232,47.752947999999996,701.6520999999999
Mizoram,1988,,,,,,,62.72633,62.321644,506.6242
Mizoram,1989,,,,,,,85.388746,84.98406,880.9880999999999
Mizoram,1990,,,,,,,79.723142,77.699712,633.2802499999999
Mizoram,1991,,,,,,,81.746572,80.127828,554.82075
Mizoram,1992,,,,,,,91.05435,90.244978,948.2390999999999
Mizoram,1993,,,,,,,140.830728,138.402612,591.8087999999999
Mizoram,1994,,,,,,,114.930824,114.12145199999999,867.5378999999999
Mizoram,1995,,,,,,,117.35894,115.740196,771.1447999999999
Mizoram,1996,,,,,,,117.35894,115.740196,657.93895
Mizoram,1997,100.0,92.0,100.0,54.0,100.0,118.0,133.54638,127.47609,479.7238
Mizoram,1998,,,,,,,121.4058,117.35894,702.7729499999999
Mizoram,1999,,,,,,,121.4058,119.78705599999999,768.9030999999999
Mizoram,2000,,,,,,,117.35894,80.9372,351.94689999999997
Mizoram,2001,,,,,,,89.03092,88.221548,804.7702999999999
Mizoram,2002,,,,,,,87.00749,86.60280399999999,980.7437499999999
Mizoram,2003,95.0,77.0,78.0,46.0,90.0,109.0,107.64647599999999,107.24179,832.7915499999999
Mizoram,2004,,,,,,,121.4058,120.596428,781.23245
Mizoram,2005,,,,,,,72.84348,63.940388,544.7330999999999
Mizoram,2006,,,,,,,54.63261,54.227924,987.4688499999999
Mizoram,2007,99.0,91.0,79.0,46.0,94.0,94.0,46.53889,46.134204,977.3811999999999
Mizoram,2008,,,,,,,81.746572,81.341886,1006.5233
Mizoram,2009,,,,,,,122.619858,121.810486,928.0637999999999
Mizoram,2010,,,,,,,121.001114,120.596428,1070.41175
Mizoram,2011,,,,,,,104.408988,101.1715,774.50735
Mizoram,2012,,,,,,,113.31208,112.502708,1022.2151999999999
Mizoram,2013,,,,,,,95.10121,55.037296,613.1049499999999
Mizoram,2014,,,,,,,76.89034,74.057538,735.2775999999999
Mizoram,2015,99.0,86.0,73.0,39.0,96.0,105.0,101.1715,100.362128,1022.2151999999999
Mizoram,2016,,,,,,,121.4058,111.28865,821.58305
Mizoram,2017,,,,,,,121.4058,119.38237,912.3718999999999
Nagaland,1964,98.0,67.0,97.0,53.0,98.0,56.0,,,
Nagaland,1965,100.0,71.0,92.0,57.0,93.0,62.0,,,
Nagaland,1966,92.0,85.0,89.0,64.0,90.0,66.0,,,
Nagaland,1967,97.0,61.0,91.0,61.0,92.0,63.0,,,
Nagaland,1968,99.0,51.0,89.0,58.0,90.0,59.0,,,
Nagaland,1969,100.0,67.0,97.0,57.0,97.0,60.0,,,
Nagaland,1970,96.0,61.0,96.0,62.0,96.0,64.0,,,
Nagaland,1971,99.0,72.0,93.0,63.0,93.0,63.0,,,
Nagaland,1972,95.0,69.0,94.0,61.0,95.0,64.0,,,
Nagaland,1973,100.0,67.0,100.0,69.0,100.0,69.0,135.56981,127.47609,379.96815
Nagaland,1974,100.0,66.0,96.0,60.0,98.0,61.0,169.96812,149.73382,330.65074999999996
Nagaland,1975,100.0,69.0,98.0,52.0,99.0,58.0,131.52295,121.4058,456.18594999999993
Nagaland,1976,91.0,71.0,91.0,59.0,91.0,64.0,101.1715,93.07778,549.2165
Nagaland,1977,96.0,68.0,92.0,67.0,92.0,69.0,101.1715,93.07778,400.14345
Nagaland,1978,97.0,74.0,95.0,69.0,95.0,74.0,117.35894,111.28865,391.17664999999994
Nagaland,1979,99.0,76.0,99.0,74.0,99.0,79.0,131.52295,123.42923,555.9416
Nagaland,1980,100.0,73.0,94.0,64.0,94.0,74.0,105.21836,103.19493,715.1022999999999
Nagaland,1981,,,,,,,89.03092,87.00749,377.72644999999994
Nagaland,1982,97.0,67.0,97.0,62.0,97.0,68.0,137.59324,131.52295,558.1832999999999
Nagaland,1983,100.0,91.0,100.0,65.0,100.0,71.0,137.59324,135.56981,672.51
Nagaland,1984,100.0,82.0,100.0,62.0,100.0,68.0,137.59324,135.56981,635.52195
Nagaland,1985,99.0,78.0,97.0,61.0,94.0,67.0,178.06184,176.03841,784.5949999999999
Nagaland,1986,100.0,75.0,100.0,65.0,100.0,71.0,216.50701,214.48358,592.9296499999999
Nagaland,1987,,,,,,,188.17899,186.15556,557.0624499999999
Nagaland,1988,,,,,,,212.46015,208.41329,516.7118499999999
Nagaland,1989,,,,,,,250.90532,246.85846,618.7091999999999
Nagaland,1990,,,,,,,252.92875,248.88189,729.6733499999999
Nagaland,1991,,,,,,,252.92875,248.88189,476.36125
Nagaland,1992,,,,,,,238.76474,236.74131,813.7370999999999
Nagaland,1993,,,,,,,283.2802,267.09276,590.68795
Nagaland,1994,,,,,,,218.53044,214.48358,684.83935
Nagaland,1995,,,,,,,198.29614,194.24928,742.0026999999999
Nagaland,1996,100.0,89.0,99.0,60.0,99.0,88.0,182.1087,180.08527,660.1806499999999
Nagaland,1997,100.0,92.0,99.0,56.0,99.0,88.0,230.67102,228.64759,566.0292499999999
Nagaland,1998,99.0,95.0,100.0,63.0,100.0,91.0,230.67102,228.64759,675.8725499999999
Nagaland,1999,100.0,90.0,99.0,54.0,100.0,89.0,250.90532,248.88189,855.20855
Nagaland,2000,99.0,84.0,93.0,56.0,98.0,90.0,228.64759,214.48358,830.5498499999999
Nagaland,2001,,,,,,,226.62416,214.48358,903.4051
Nagaland,2002,,,,,,,214.48358,212.46015,1008.7649999999999
Nagaland,2003,97.0,92.0,92.0,53.0,96.0,86.0,258.99904,256.97561,950.4807999999999
Nagaland,2004,,,,,,,283.2802,281.25677,1059.2032499999998
Nagaland,2005,,,,,,,208.41329,206.38986,633.2802499999999
Nagaland,2006,,,,,,,115.33551,113.31208,1018.8526499999999
Nagaland,2007,100.0,102.0,95.0,51.0,100.0,88.0,121.4058,113.31208,944.87655
Nagaland,2008,,,,,,,157.82754,156.613482,947.1182499999999
Nagaland,2009,,,,,,,200.31957,198.29614,892.1965999999999
Nagaland,2010,100.0,95.0,96.0,51.0,99.0,87.0,153.78068,152.566622,1060.3240999999998
Nagaland,2011,,,,,,,101.1715,94.291838,956.0850499999999
Nagaland,2012,,,,,,,111.28865,109.26522,984.1062999999999
Nagaland,2013,,,,,,,62.72633,56.65604,1172.4090999999999
Nagaland,2014,,,,,,,103.19493,101.1715,1237.4183999999998
Nagaland,2015,100.0,111.0,96.0,66.0,49.0,91.0,139.61667,137.59324,1157.8380499999998
Nagaland,2016,,,,,,,145.68696,143.66353,1166.80485
Nagaland,2017,100.0,101.0,99.0,55.0,95.0,91.0,165.92126,161.8744,1250.8685999999998
Odisha,1964,50.0,59.0,38.0,46.0,10.0,16.0,,,
Odisha,1965,55.0,62.0,40.0,44.0,11.0,18.0,,,
Odisha,1966,51.0,62.0,40.0,45.0,14.0,18.0,,,
Odisha,1967,47.0,55.0,39.0,43.0,12.0,20.0,,,
Odisha,1968,45.0,51.0,37.0,44.0,18.0,18.0,,,
Odisha,1969,48.0,61.0,34.0,46.0,14.0,21.0,,,
Odisha,1970,48.0,57.0,30.0,45.0,13.0,21.0,,,
Odisha,1971,50.0,57.0,30.0,42.0,12.0,17.0,,,
Odisha,1972,51.0,53.0,36.0,44.0,11.0,19.0,,,
Odisha,1973,53.0,46.0,41.0,45.0,15.0,14.0,1760.3841,1578.2754,328.40905
Odisha,1974,55.0,48.0,47.0,43.0,24.0,17.0,1942.4928,1821.087,395.66004999999996
Odisha,1975,32.0,39.0,23.0,39.0,9.0,12.0,2691.1619,2610.2246999999998,456.18594999999993
Odisha,1976,49.0,52.0,40.0,43.0,13.0,16.0,2812.5677,2509.0532,329.5299
Odisha,1977,59.0,45.0,45.0,47.0,15.0,14.0,3116.0822,2751.8648,436.01064999999994
Odisha,1978,41.0,50.0,28.0,42.0,9.0,16.0,3176.7851,2772.0991,261.15805
Odisha,1979,53.0,45.0,45.0,45.0,17.0,16.0,3018.95756,2913.7392,421.4396
Odisha,1980,50.0,43.0,43.0,39.0,18.0,14.0,2347.1788,1740.1498,337.37584999999996
Odisha,1981,60.0,44.0,53.0,40.0,21.0,20.0,1618.744,1436.6353,360.91369999999995
Odisha,1982,39.0,41.0,28.0,30.0,13.0,20.0,2165.0701,1902.0242,421.4396
Odisha,1983,41.0,52.0,31.0,40.0,14.0,22.0,2023.43,1881.7899,452.82339999999994
Odisha,1984,55.0,47.0,39.0,39.0,18.0,15.0,1962.7271,1396.1667,395.66004999999996
Odisha,1985,57.0,49.0,47.0,39.0,22.0,21.0,1902.0242,1780.6184,567.1501
Odisha,1986,56.0,45.0,44.0,35.0,18.0,13.0,2266.2416,2144.8358,529.0412
Odisha,1987,57.0,51.0,46.0,37.0,23.0,14.0,1881.7899,1517.5725,411.35195
Odisha,1988,68.0,45.0,56.0,38.0,22.0,13.0,2225.773,2023.43,534.64545
Odisha,1989,63.0,48.0,53.0,37.0,22.0,12.0,2549.5218,2185.3044,469.63615
Odisha,1990,66.0,59.0,48.0,40.0,20.0,17.0,2225.773,1436.6353,494.29484999999994
Odisha,1991,70.0,69.0,53.0,41.0,25.0,23.0,2246.0072999999998,2043.6643,542.4914
Odisha,1992,65.0,66.0,48.0,44.0,27.0,20.0,2205.5387,2084.1329,513.3493
Odisha,1993,77.0,64.0,58.0,43.0,26.0,21.0,2589.9904,2326.9445,416.95619999999997
Odisha,1994,78.0,71.0,60.0,38.0,25.0,20.0,2306.7102,1659.2126,570.5126499999999
Odisha,1995,79.0,62.0,63.0,38.0,32.0,15.0,2225.773,2104.3672,531.2828999999999
Odisha,1996,55.0,80.0,47.0,39.0,20.0,21.0,2286.4759,1335.4638,587.3254
Odisha,1997,82.0,63.0,62.0,37.0,29.0,16.0,2488.8188999999998,2063.8986,532.40375
Odisha,1998,68.0,62.0,56.0,38.0,27.0,19.0,2589.9904,1780.6184,481.96549999999996
Odisha,1999,71.0,64.0,45.0,41.0,23.0,18.0,2428.116,1719.9155,539.1288499999999
Odisha,2000,63.0,68.0,54.0,40.0,26.0,19.0,2266.2416,1821.087,603.0173
Odisha,2001,52.0,63.0,37.0,38.0,14.0,19.0,2266.2416,1760.3841,535.7663
Odisha,2002,,,,,,,2367.4130999999998,2165.0701,777.8698999999999
Odisha,2003,61.0,76.0,50.0,50.0,20.0,25.0,2407.8817,2266.2416,810.3745499999999
Odisha,2004,,,,,,,2589.9904,1659.2126,761.05715
Odisha,2005,,,,,,,1982.9614,1902.0242,944.87655
Odisha,2006,,,,,,,2023.43,1315.2295,738.64015
Odisha,2007,86.0,82.0,60.0,37.0,24.0,17.0,2023.43,1416.401,710.6188999999999
Odisha,2008,,,,,,,2246.0072999999998,2165.0701,787.95755
Odisha,2009,,,,,,,3055.3793,1153.3551,660.1806499999999
Odisha,2010,85.0,63.0,52.0,32.0,30.0,15.0,2630.459,1537.8068,708.3771999999999
Odisha,2011,,,,,,,2347.1788,1254.5266,724.0690999999999
Odisha,2012,,,,,,,2549.5218,1861.5556,721.8273999999999
Odisha,2013,,,,,,,1942.4928,1821.087,683.7185
Odisha,2014,,,,,,,2286.4759,2104.3672,838.3957999999999
Odisha,2015,66.0,65.0,46.0,34.0,16.0,14.0,2832.802,2225.773,906.7676499999999
Odisha,2016,,,,,,,3136.3165,1760.3841,847.3625999999999
Odisha,2017,68.0,77.0,52.0,37.0,25.0,20.0,2853.0362999999998,2428.116,636.6428
